{
  "baseline_popularity": {
    "NDCG@10": 0.22131499679438746,
    "MAP@10": 0.13258422458796287,
    "MRR": 0.3652668410770047
  },
  "lambdamart": {
    "NDCG@10": 0.2809525590642635,
    "MAP@10": 0.17796699288414572,
    "MRR": 0.452161336595766
  },
  "lift_pct": {
    "NDCG@10": 26.9,
    "MAP@10": 34.2,
    "MRR": 23.8
  },
  "feature_importance": {
    "item_pop_log": 0.42934879660606384,
    "genre_match": 0.2613671123981476,
    "item_mean": 0.158528670668602,
    "user_activity": 0.0995820090174675,
    "user_mean": 0.05117340013384819
  }
}