{
  "baseline_popularity": {
    "NDCG@10": 0.22131499679438746,
    "MAP@10": 0.13258422458796287,
    "MRR": 0.3652668410770047
  },
  "v1_ltr_content": {
    "NDCG@10": 0.2809525590642635,
    "MAP@10": 0.17796699288414572,
    "MRR": 0.452161336595766
  },
  "v2_ltr_content_plus_cf": {
    "NDCG@10": 0.44325475612037163,
    "MAP@10": 0.3308594904522188,
    "MRR": 0.610023863569109
  },
  "lift_v1_vs_baseline": {
    "NDCG@10": 26.9,
    "MAP@10": 34.2,
    "MRR": 23.8
  },
  "lift_v2_vs_baseline": {
    "NDCG@10": 100.3,
    "MAP@10": 149.5,
    "MRR": 67.0
  },
  "lift_v2_vs_v1": {
    "NDCG@10": 57.8,
    "MAP@10": 85.9,
    "MRR": 34.9
  },
  "v2_feature_importance": {
    "mf_score": 0.6416075825691223,
    "item_pop_log": 0.09556271135807037,
    "item_mean": 0.09174448251724243,
    "user_activity": 0.08012967556715012,
    "genre_match": 0.06356930732727051,
    "user_mean": 0.027386287227272987
  }
}